Normal Weight,Log Weight,MAE,RMSE,R2,Within 5%,Within 10%,Within 20%
1.0,0.0,15873.695422881212,26056.077983513667,0.9114875715133477,42.12328767123288,71.57534246575342,89.72602739726028
0.9,0.1,15794.0892883724,26148.63548319182,0.91085761945924,41.78082191780822,70.8904109589041,90.41095890410958
0.8,0.2,15717.44036170203,26268.648829997688,0.9100374752370809,42.80821917808219,69.86301369863014,90.41095890410958
0.7,0.3,15649.835250401164,26415.743810191045,0.9090271388468703,43.49315068493151,70.2054794520548,91.0958904109589
0.6,0.4,15593.54950041028,26589.47097458996,0.907826610288608,44.178082191780824,69.86301369863014,91.43835616438356
0.5,0.5,15541.55904797021,26789.31220360994,0.9064358895622943,44.52054794520548,69.86301369863014,91.43835616438356
0.4,0.6,15494.178452713957,27014.68796687118,0.904854976667929,45.54794520547945,69.52054794520548,91.0958904109589
0.30000000000000004,0.7,15454.120537613637,27264.96505633837,0.9030838716055122,45.54794520547945,70.54794520547945,91.0958904109589
0.19999999999999996,0.8,15429.172964373607,27539.464574865968,0.9011225743750437,47.6027397260274,69.86301369863014,90.75342465753424
0.09999999999999998,0.9,15434.151293945313,27837.469974626827,0.8989710849765239,48.63013698630137,70.2054794520548,91.43835616438356
0.0,1.0,15470.164718659451,28158.23496026003,0.8966294034099525,48.28767123287671,69.52054794520548,91.43835616438356
