n_estimators,learning_rate,max_depth,min_samples_split,min_samples_leaf,loss,MAE,RMSE,R2,Within_5,Within_10,Within_20
1000,0.05,3,4,2,huber,15873.695422881212,26056.077983513667,0.9114875715133477,42.12328767123288,71.57534246575342,89.72602739726028
800,0.05,3,4,2,huber,15820.347869718045,26087.96064964504,0.9112708283228267,43.49315068493151,70.54794520547945,89.72602739726028
800,0.03,4,2,1,squared_error,15845.703152486618,26230.04194405364,0.9103017157546519,45.20547945205479,69.86301369863014,90.75342465753424
1000,0.03,4,2,1,squared_error,15867.597016832076,26273.351147892055,0.9100052641967642,46.57534246575342,69.52054794520548,90.41095890410958
1200,0.03,3,4,2,huber,15877.93495694567,26637.00271327183,0.9074967746636358,42.80821917808219,71.23287671232876,91.43835616438356
1200,0.03,4,4,2,huber,15708.178130363867,26647.14267927275,0.9074263344492206,42.80821917808219,71.57534246575342,90.41095890410958
1200,0.02,3,4,2,huber,15872.177409618589,26679.283531711983,0.9072028815282284,43.15068493150685,70.2054794520548,90.41095890410958
1000,0.03,3,4,2,huber,15897.864989427715,26695.222507793333,0.9070919690387022,42.12328767123288,71.91780821917808,90.75342465753424
1000,0.03,4,4,2,huber,15735.726010816057,26751.18971772557,0.9067019925901976,42.465753424657535,71.23287671232876,90.75342465753424
800,0.03,4,4,2,huber,15747.824565398227,26884.05208970164,0.9057729440392549,42.12328767123288,71.23287671232876,90.41095890410958
800,0.03,3,4,2,huber,16020.625180756682,26992.703120554117,0.9050097737601218,42.12328767123288,70.54794520547945,91.0958904109589
1000,0.02,3,4,2,huber,16034.432033694484,27167.116605427058,0.9037782481843715,42.12328767123288,70.54794520547945,90.41095890410958
800,0.02,3,4,2,huber,16191.975253598835,27638.648467177816,0.9004090740786933,41.43835616438356,70.2054794520548,91.0958904109589
800,0.03,5,4,2,huber,16124.082801188799,27652.639007654998,0.9003082237400561,44.178082191780824,71.57534246575342,89.04109589041096
1000,0.03,5,4,2,huber,16120.344111015123,27654.638232079036,0.9002938082306634,44.52054794520548,71.23287671232876,89.04109589041096
